Date,TOYOTA,ì˙éY,É}ÉcÉ_,ÉzÉìÉ_,ÇrÇtÇaÇ`ÇqÇt,ÉXÉYÉL,éOïH,ÉuÉäÉaÉXÉgÉì,â°ïlÉSÉÄ,èZóFÉSÉÄ,TOYO TIRE
1999-06-01,,,,,,766.0,,,,,
1999-07-01,,,,,,808.0,,,,,
1999-08-01,,,,,,646.0,,,,,
1999-09-01,,,,,,678.0,,,,,
1999-09-27,,,,,,,,,,,
1999-10-01,,,,,,722.0,,,,,
1999-11-01,,,,,,692.0,,,,,
1999-12-01,,,,,,990.0,,,,,
2000-01-01,,,,,,938.0,,,,,
2000-02-01,680.0,,2455.0,,415.0,878.0,3490.0,1595.0,1800.0,1777.0,701.0
2000-03-01,574.0,,2265.0,,420.0,1074.0,3900.0,1750.0,2120.0,1565.0,833.0
2000-03-28,,,,,,,,,,,
2000-04-01,522.0,,2345.0,,491.0,1074.0,3810.0,1660.0,2415.0,1609.0,825.0
2000-05-01,506.0,,2460.0,,565.0,978.0,3500.0,1470.0,1775.0,1325.0,800.0
2000-06-01,594.0,,2245.0,,625.0,966.0,4530.0,1435.0,1805.0,1368.0,770.0
2000-06-27,,,,,,,,,,,
2000-07-01,516.0,,2515.0,,547.0,928.0,4350.0,1330.0,2000.0,1209.0,785.0
2000-08-01,506.0,,1380.0,,536.0,928.0,3400.0,1270.0,1950.0,1131.0,706.0
2000-09-01,500.0,,1300.0,,620.0,854.0,3320.0,1050.0,1990.0,1123.0,672.0
2000-09-26,,,,,,,,,,,
2000-10-01,510.0,,1082.0,,749.0,872.0,3500.0,1055.0,1885.0,1170.0,760.0
2000-11-01,498.0,,1378.0,,677.0,790.0,3300.0,1300.0,1940.0,1210.0,783.0
2000-12-01,428.0,,1040.0,,658.0,730.0,3300.0,1460.0,2130.0,1220.0,694.0
2000-12-26,,,,,,,,,,,
2001-01-01,438.0,266.0,1098.0,467.0,709.0,794.0,3860.0,1445.0,2230.0,1300.0,860.0
2001-02-01,466.0,284.0,1076.0,522.0,756.0,816.0,3510.0,1525.0,2295.0,1353.0,865.0
2001-03-01,470.0,302.0,1272.0,611.0,790.0,870.0,3470.0,1525.0,2560.0,1381.0,834.0
2001-03-27,,,,,,,,,,,
2001-04-01,550.0,338.0,1423.0,670.0,847.0,822.0,3810.0,1670.0,2485.0,1570.0,899.0
2001-05-01,540.0,416.0,1265.0,595.0,806.0,840.0,4230.0,1510.0,2500.0,1449.0,829.0
2001-06-01,636.0,464.0,1305.0,592.0,861.0,878.0,4150.0,1560.0,2740.0,1660.0,918.0
2001-06-26,,,,,,,,,,,
2001-07-01,618.0,382.0,1037.0,623.0,858.0,824.0,3660.0,1245.0,2840.0,1468.0,840.0
2001-08-01,674.0,376.0,1003.0,622.0,694.0,722.0,3270.0,1225.0,2145.0,1438.0,796.0
2001-09-01,560.0,372.0,831.0,513.0,492.0,612.0,2040.0,800.0,1915.0,1070.0,518.0
2001-09-25,,,,,,,,,,,
2001-10-01,546.0,386.0,1154.0,598.0,540.0,594.0,2470.0,1055.0,2195.0,1257.0,599.0
2001-11-01,640.0,382.0,1370.0,589.0,608.0,630.0,2370.0,1075.0,2335.0,1264.0,520.0
2001-12-01,582.0,348.0,1387.0,488.0,695.0,664.0,2220.0,1165.0,2615.0,1434.0,562.0
2001-12-25,,,,,,,,,,,
2002-01-01,500.0,332.0,1410.0,455.0,712.0,690.0,2410.0,1325.0,2635.0,1460.0,610.0
2002-02-01,558.0,350.0,1685.0,450.0,873.0,684.0,3050.0,1655.0,2675.0,1635.0,709.0
2002-03-01,592.0,356.0,1762.0,493.0,938.0,730.0,3310.0,1595.0,2690.0,1519.0,625.0
2002-03-26,,,,,,,,,,,
2002-04-01,650.0,374.0,1811.0,495.0,988.0,700.0,3800.0,1920.0,2880.0,1543.0,648.0
2002-05-01,658.0,454.0,1802.0,570.0,881.0,678.0,3930.0,1800.0,2650.0,1558.0,598.0
2002-06-01,590.0,404.0,1650.0,473.0,830.0,636.0,3180.0,1585.0,2430.0,1479.0,572.0
2002-06-25,,,,,,,,,,,
2002-07-01,594.0,420.0,1690.0,525.0,838.0,573.0,3200.0,1710.0,2490.0,1336.0,511.0
2002-08-01,542.0,404.0,1525.0,533.0,866.0,587.0,2780.0,1585.0,2510.0,1280.0,469.0
2002-09-01,554.0,418.0,1448.0,536.0,904.0,626.0,2460.0,1430.0,2465.0,1373.0,427.0
2002-09-25,,,,,,,,,,,
2002-10-01,520.0,406.0,1527.0,508.0,941.0,596.0,2380.0,1370.0,2195.0,1311.0,376.0
2002-11-01,608.0,432.0,1639.0,519.0,977.0,644.0,2620.0,1240.0,2310.0,1297.0,435.0
2002-12-01,612.0,462.0,1470.0,477.0,926.0,638.0,2550.0,1100.0,2195.0,1290.0,470.0
2002-12-25,,,,,,,,,,,
2003-01-01,586.0,492.0,1331.0,433.0,913.0,571.0,2760.0,1240.0,1995.0,1293.0,434.0
2003-02-01,630.0,508.0,1335.0,479.0,887.0,555.0,2870.0,1250.0,2160.0,1350.0,456.0
2003-03-01,608.0,448.0,1393.0,470.0,790.0,527.0,2730.0,1065.0,1975.0,1362.0,436.0
2003-03-26,,,,,,,,,,,
2003-04-01,560.0,494.0,1353.0,525.0,915.0,540.0,2540.0,1050.0,1975.0,1412.0,427.0
2003-05-01,620.0,466.0,1550.0,491.0,943.0,572.0,2470.0,1195.0,2155.0,1478.0,455.0
2003-06-01,640.0,518.0,1630.0,540.0,1148.0,622.0,2710.0,1460.0,2275.0,1562.0,542.0
2003-06-25,,,,,,,,,,,
2003-07-01,620.0,486.0,1645.0,523.0,1175.0,610.0,2490.0,1490.0,2325.0,1556.0,592.0
2003-08-01,634.0,534.0,1625.0,546.0,1253.0,644.0,2540.0,1535.0,2375.0,1602.0,575.0
2003-09-01,626.0,496.0,1495.0,555.0,1205.0,656.0,2620.0,1410.0,2235.0,1653.0,572.0
2003-09-25,,,,,,,,,,,
2003-10-01,610.0,480.0,1440.0,533.0,1232.0,626.0,2360.0,1410.0,2170.0,1590.0,499.0
2003-11-01,570.0,440.0,1455.0,525.0,1252.0,658.0,2250.0,1340.0,2240.0,1551.0,519.0
2003-12-01,604.0,456.0,1441.0,583.0,1224.0,724.0,2190.0,1435.0,2380.0,1586.0,520.0
2003-12-25,,,,,,,,,,,
2004-01-01,618.0,484.0,1535.0,649.0,1129.0,692.0,2560.0,1535.0,2175.0,1607.0,490.0
2004-02-01,654.0,518.0,1613.0,644.0,1213.0,754.0,2560.0,1685.0,2380.0,1757.0,537.0
2004-03-01,714.0,520.0,1633.0,782.0,1165.0,776.0,2630.0,1735.0,2400.0,1619.0,563.0
2004-03-26,,,,,,,,,,,
2004-04-01,784.0,550.0,1868.0,960.0,1229.0,798.0,2730.0,1755.0,2215.0,1742.0,531.0
2004-05-01,794.0,574.0,1883.0,906.0,1113.0,800.0,2200.0,1735.0,2400.0,1779.0,543.0
2004-06-01,878.0,668.0,2050.0,979.0,1213.0,884.0,1780.0,1920.0,2630.0,1922.0,612.0
2004-06-25,,,,,,,,,,,
2004-07-01,864.0,654.0,2010.0,968.0,1202.0,896.0,970.0,1910.0,2710.0,1980.0,610.0
2004-08-01,880.0,738.0,2075.0,966.0,1192.0,864.0,940.0,1780.0,2720.0,1783.0,554.0
2004-09-01,872.0,688.0,2045.0,1066.0,1200.0,844.0,1150.0,1705.0,2670.0,1803.0,557.0
2004-09-27,,,,,,,,,,,
2004-10-01,754.0,634.0,1920.0,903.0,1195.0,826.0,1160.0,1570.0,2560.0,1874.0,515.0
2004-11-01,722.0,636.0,1865.0,868.0,1085.0,772.0,1110.0,1580.0,2465.0,1859.0,476.0
2004-12-01,800.0,660.0,2040.0,959.0,1114.0,834.0,1170.0,1610.0,2655.0,1872.0,500.0
2004-12-27,,,,,,,,,,,
2005-01-01,808.0,694.0,2035.0,985.0,1095.0,806.0,1430.0,1735.0,2715.0,1894.0,489.0
2005-02-01,868.0,734.0,1996.0,1041.0,1125.0,814.0,1400.0,1805.0,2805.0,1977.0,488.0
2005-03-01,850.0,718.0,1971.0,1033.0,1099.0,798.0,1410.0,1830.0,2685.0,1918.0,524.0
2005-03-28,,,,,,,,,,,
2005-04-01,830.0,752.0,2015.0,1022.0,1040.0,768.0,1340.0,1855.0,2545.0,1791.0,481.0
2005-05-01,896.0,876.0,2145.0,1156.0,1067.0,772.0,1350.0,2050.0,2670.0,1775.0,455.0
2005-06-01,950.0,864.0,2135.0,1132.0,1098.0,794.0,1400.0,2085.0,2735.0,1743.0,462.0
2005-06-27,,,,,,,,,,,
2005-07-01,996.0,942.0,2200.0,1131.0,1168.0,850.0,1330.0,2245.0,2890.0,1788.0,483.0
2005-08-01,990.0,1006.0,2180.0,1169.0,1156.0,900.0,1610.0,2180.0,2960.0,1919.0,481.0
2005-09-01,1092.0,1194.0,2430.0,1349.0,1296.0,1040.0,2330.0,2490.0,3210.0,2100.0,513.0
2005-09-27,,,,,,,,,,,
2005-10-01,1198.0,1312.0,2360.0,1422.0,1208.0,1062.0,2840.0,2730.0,3170.0,1990.0,582.0
2005-11-01,1284.0,1184.0,2575.0,1622.0,1233.0,1158.0,2530.0,2610.0,3360.0,2235.0,640.0
2005-12-01,1382.0,1238.0,2455.0,1680.0,1195.0,1224.0,2450.0,2700.0,3365.0,2185.0,640.0
2005-12-27,,,,,,,,,,,
2006-01-01,1326.0,1264.0,2385.0,1600.0,1320.0,1216.0,2570.0,2715.0,3330.0,2390.0,613.0
2006-02-01,1244.0,1100.0,2280.0,1414.0,1340.0,1250.0,2420.0,3330.0,3450.0,2320.0,630.0
2006-03-01,1224.0,1030.0,2455.0,1538.0,1398.0,1286.0,2490.0,3575.0,3645.0,2705.0,692.0
2006-03-28,,,,,,,,,,,
2006-04-01,1194.0,1052.0,2775.0,1628.0,1497.0,1332.0,2490.0,3725.0,4045.0,2780.0,712.0
2006-05-01,1044.0,1018.0,2290.0,1406.0,1350.0,1186.0,2190.0,3365.0,3660.0,2600.0,665.0
2006-06-01,1012.0,894.0,2205.0,1259.0,1250.0,1198.0,2120.0,3585.0,3630.0,2475.0,669.0
2006-06-27,,,,,,,,,,,
2006-07-01,986.0,884.0,2085.0,1065.0,1236.0,1212.0,2030.0,3730.0,3780.0,2805.0,705.0
2006-08-01,1072.0,1040.0,2500.0,1250.0,1334.0,1274.0,2050.0,3760.0,3990.0,3010.0,679.0
2006-09-01,1134.0,1012.0,2385.0,1300.0,1323.0,1284.0,1960.0,3580.0,3970.0,3000.0,672.0
2006-09-26,,,,,,,,,,,
2006-10-01,1176.0,1050.0,2440.0,1343.0,1401.0,1386.0,2130.0,3955.0,4140.0,3320.0,675.0
2006-11-01,1354.0,1040.0,2535.0,1501.0,1412.0,1404.0,2030.0,3970.0,4100.0,3320.0,601.0
2006-12-01,1436.0,1154.0,2655.0,1537.0,1433.0,1592.0,1970.0,4065.0,4700.0,3360.0,611.0
2006-12-26,,,,,,,,,,,
2007-01-01,1386.0,1190.0,2620.0,1419.0,1508.0,1590.0,1990.0,3960.0,4750.0,3470.0,631.0
2007-02-01,1466.0,1036.0,2490.0,1410.0,1372.0,1604.0,1910.0,3490.0,4420.0,3250.0,646.0
2007-03-01,1448.0,984.0,2355.0,1291.0,1263.0,1510.0,1840.0,3260.0,4110.0,3060.0,612.0
2007-03-27,,,,,,,,,,,
2007-04-01,1488.0,1024.0,2435.0,1290.0,1215.0,1464.0,1860.0,3020.0,4130.0,3420.0,595.0
2007-05-01,1756.0,1118.0,2380.0,1289.0,1354.0,1460.0,1840.0,3370.0,4280.0,3400.0,585.0
2007-06-01,1856.0,1282.0,2640.0,1472.0,1321.0,1560.0,1870.0,3515.0,4500.0,3500.0,590.0
2007-06-26,,,,,,,,,,,
2007-07-01,1710.0,1140.0,2520.0,1427.0,1272.0,1440.0,1820.0,3405.0,4300.0,3480.0,558.0
2007-08-01,1520.0,1268.0,2320.0,1288.0,1114.0,1352.0,1650.0,2915.0,3820.0,3130.0,486.0
2007-09-01,1720.0,1340.0,2540.0,1444.0,1151.0,1356.0,1750.0,2905.0,3860.0,3400.0,505.0
2007-09-25,,,,,,,,,,,
2007-10-01,1704.0,1340.0,2535.0,1395.0,1326.0,1314.0,2250.0,3435.0,4300.0,3760.0,596.0
2007-11-01,1372.0,844.0,2115.0,1080.0,1265.0,1248.0,2100.0,2985.0,3760.0,3610.0,550.0
2007-12-01,1332.0,834.0,1988.0,1015.0,1230.0,1208.0,1890.0,2790.0,3750.0,3370.0,522.0
2007-12-25,,,,,,,,,,,
2008-01-01,1190.0,716.0,1801.0,935.0,1013.0,1164.0,1760.0,2245.0,3320.0,2675.0,425.0
2008-02-01,1092.0,584.0,1745.0,815.0,964.0,1150.0,1700.0,2175.0,3260.0,2860.0,462.0
2008-03-01,954.0,640.0,1697.0,764.0,824.0,994.0,1640.0,1765.0,2845.0,2515.0,417.0
2008-03-26,,,,,,,,,,,
2008-04-01,1064.0,808.0,1899.0,911.0,922.0,1054.0,1640.0,2250.0,3300.0,2630.0,446.0
2008-05-01,1030.0,832.0,1799.0,870.0,937.0,1074.0,1870.0,2750.0,3530.0,2920.0,494.0
2008-06-01,998.0,676.0,1623.0,792.0,877.0,1002.0,1930.0,2755.0,3610.0,2510.0,520.0
2008-06-25,,,,,,,,,,,
2008-07-01,1052.0,622.0,1765.0,865.0,840.0,932.0,1790.0,3130.0,3490.0,2370.0,582.0
2008-08-01,1156.0,568.0,1860.0,878.0,841.0,986.0,1640.0,2935.0,3580.0,2315.0,630.0
2008-09-01,1122.0,570.0,1960.0,922.0,697.0,876.0,1740.0,2090.0,3090.0,1918.0,521.0
2008-09-25,,,,,,,,,,,
2008-10-01,942.0,476.0,1690.0,859.0,493.0,746.0,1340.0,1065.0,2400.0,1404.0,336.0
2008-11-01,946.0,410.0,1602.0,869.0,317.0,600.0,1330.0,820.0,2085.0,1287.0,287.0
2008-12-01,888.0,324.0,1327.0,775.0,320.0,581.0,1220.0,745.0,1906.0,1228.0,239.0
2008-12-25,,,,,,,,,,,
2009-01-01,642.0,266.0,1160.0,569.0,275.0,585.0,1210.0,710.0,2070.0,1233.0,265.0
2009-02-01,676.0,228.0,1353.0,623.0,306.0,636.0,1150.0,630.0,2390.0,1545.0,317.0
2009-03-01,818.0,248.0,1409.0,656.0,350.0,624.0,1250.0,820.0,2315.0,1629.0,322.0
2009-03-26,,,,,,,,,,,
2009-04-01,854.0,340.0,1460.0,677.0,510.0,770.0,1500.0,1215.0,2845.0,1842.0,394.0
2009-05-01,860.0,444.0,1450.0,652.0,571.0,762.0,1520.0,1235.0,2750.0,2120.0,375.0
2009-06-01,956.0,462.0,1515.0,776.0,586.0,734.0,1810.0,1235.0,2660.0,2170.0,391.0
2009-06-25,,,,,,,,,,,
2009-07-01,1006.0,414.0,1644.0,822.0,689.0,798.0,1750.0,1240.0,3050.0,2390.0,382.0
2009-08-01,970.0,442.0,1701.0,893.0,650.0,798.0,1690.0,1290.0,2935.0,2220.0,402.0
2009-09-01,882.0,432.0,1611.0,847.0,607.0,714.0,1480.0,1005.0,2765.0,2095.0,349.0
2009-09-25,,,,,,,,,,,
2009-10-01,808.0,348.0,1531.0,847.0,672.0,732.0,1360.0,1055.0,2880.0,2235.0,364.0
2009-11-01,648.0,272.0,1375.0,679.0,626.0,688.0,1170.0,920.0,2700.0,2050.0,343.0
2009-12-01,814.0,344.0,1626.0,802.0,810.0,776.0,1280.0,1060.0,3110.0,2280.0,450.0
2009-12-28,,,,,,,,,,,
2010-01-01,686.0,308.0,1447.0,710.0,736.0,698.0,1250.0,1225.0,3075.0,2051.0,425.0
2010-02-01,764.0,398.0,1558.0,724.0,705.0,666.0,1270.0,1170.0,3080.0,1889.0,405.0
2010-03-01,880.0,436.0,1596.0,824.0,801.0,749.0,1270.0,1315.0,3300.0,2063.0,484.0
2010-03-29,,,,,,,,,,,
2010-04-01,882.0,426.0,1574.0,844.0,823.0,733.0,1290.0,1400.0,3215.0,1989.0,530.0
2010-05-01,828.0,420.0,1476.0,807.0,664.0,656.0,1160.0,1185.0,2770.0,1827.0,524.0
2010-06-01,806.0,380.0,1414.0,788.0,626.0,616.0,1130.0,1050.0,2597.0,1757.0,480.0
2010-06-28,,,,,,,,,,,
2010-07-01,924.0,402.0,1547.0,857.0,664.0,610.0,1130.0,1045.0,2709.0,1810.0,477.0
2010-08-01,772.0,338.0,1458.0,762.0,642.0,572.0,1070.0,940.0,2779.0,1666.0,472.0
2010-09-01,838.0,348.0,1521.0,815.0,729.0,599.5999755859375,1090.0,1005.0,2963.0,1756.0,531.0
2010-09-28,,,,,,,,,,,
2010-10-01,806.0,332.0,1443.0,867.0,710.0,571.7999877929688,960.0,1025.0,2937.0,1963.0,557.0
2010-11-01,840.0,362.0,1542.0,849.0,785.0,644.0,1130.0,1165.0,3010.0,2024.0,620.0
2010-12-01,840.0,392.0,1569.0,848.0,773.0,644.0,1180.0,1165.0,3215.0,2000.0,630.0
2010-12-28,,,,,,,,,,,
2011-01-01,838.0,406.0,1576.0,866.0,830.0,680.0,1140.0,1210.0,3475.0,1986.0,703.0
2011-02-01,856.0,452.0,1674.0,882.0,835.0,764.0,1160.0,1050.0,3545.0,1931.0,701.0
2011-03-01,806.0,408.0,1743.0,850.0,738.0,670.0,1020.0,915.0,3125.0,1859.0,536.0
2011-03-29,,,,,,,,,,,
2011-04-01,824.0,394.0,1770.0,905.0,774.0,646.0,990.0,925.0,3190.0,1918.0,602.0
2011-05-01,872.0,368.0,1846.0,938.0,814.0,680.0,960.0,1025.0,3090.0,1791.0,597.0
2011-06-01,924.0,406.0,1846.0,970.0,842.0,660.0,980.0,1055.0,3085.0,1805.0,622.0
2011-06-28,,,,,,,,,,,
2011-07-01,936.0,430.0,1914.0,997.0,822.0,631.0,1010.0,1065.0,3080.0,1791.0,620.0
2011-08-01,850.0,408.0,1696.0,962.0,697.0,546.7999877929688,980.0,815.0,2474.0,1564.0,476.0
2011-09-01,908.0,390.0,1772.0,998.0,693.0,537.5999755859375,1030.0,790.0,2299.0,1722.0,458.0
2011-09-28,,,,,,,,,,,
2011-10-01,908.0,388.0,1861.0,988.0,735.0,528.7999877929688,1050.0,845.0,2406.0,1694.0,510.0
2011-11-01,842.0,356.0,1752.0,912.0,690.0,501.79998779296875,920.0,685.0,2389.0,1608.0,435.0
2011-12-01,864.0,350.0,1745.0,924.0,692.0,513.0,910.0,680.0,2348.0,1592.0,465.0
2011-12-28,,,,,,,,,,,
2012-01-01,914.0,380.0,1738.0,906.0,719.0,562.0,920.0,630.0,2666.0,1738.0,518.0
2012-02-01,1082.0,438.0,1956.0,1023.0,832.0,671.0,970.0,670.0,3095.0,1927.0,614.0
2012-03-01,1192.0,462.0,2006.0,1099.0,881.0,714.0,940.0,725.0,3145.0,1977.0,665.0
2012-03-28,,,,,,,,,,,
2012-04-01,1178.0,438.0,1905.0,1112.0,836.0,661.0,900.0,655.0,2896.0,1897.0,613.0
2012-05-01,1058.0,444.0,1677.0,950.0,758.0,608.0,770.0,500.0,2512.0,1632.0,604.0
2012-06-01,1194.0,536.0,1815.0,1030.0,748.0,638.0,800.0,535.0,2749.0,1621.0,637.0
2012-06-27,,,,,,,,,,,
2012-07-01,1092.0,470.0,1787.0,947.0,746.0,604.0,754.285888671875,475.0,2556.0,1443.802734375,587.6680908203125
2012-08-01,1164.0,424.0,1815.0,955.0,730.0,619.0,730.0,470.0,2472.0,1428.0,626.0
2012-09-01,1152.0,392.0,1810.0,927.0,665.0,608.0,720.0,455.0,2397.0,1515.0,648.0
2012-09-26,,,,,,,,,,,
2012-10-01,1118.0,388.0,1859.0,939.0,668.0,613.0,690.0,475.0,2390.0,1808.0,767.0
2012-11-01,1104.0,458.0,1989.0,972.0,799.0,707.0,770.0,650.0,2732.0,1956.0,925.0
2012-12-01,1240.0,512.0,2224.0,1035.0,811.0,801.0,890.0,870.0,3145.0,2242.0,1076.0
2012-12-26,,,,,,,,,,,
2013-01-01,1408.0,630.0,2393.0,1219.0,936.0,873.0,950.0,1230.0,3505.0,2393.0,1231.0
2013-02-01,1738.0,764.0,2844.0,1444.0,937.0,953.0,1020.0,1395.0,3455.0,2217.0,1386.0
2013-03-01,2164.0,840.0,3170.0,1603.0,905.0,972.0,980.0,1405.0,3555.0,2111.0,1461.0
2013-03-27,,,,,,,,,,,
2013-04-01,2556.0,1048.0,3675.0,1797.0,1016.0,1128.0,1150.0,1670.0,3875.0,2498.0,1840.0
2013-05-01,2068.0,1134.0,3370.0,1618.0,1115.0,1202.0,1590.0,2020.0,3830.0,2509.0,2349.0
2013-06-01,1994.0,1044.0,3380.0,1622.0,1005.0,1198.0,1360.0,1955.0,3685.0,2287.0,2445.0
2013-06-26,,,,,,,,,,,
2013-07-01,1932.0,1130.0,3480.0,1633.0,1027.0,1194.0,1294.0,2050.0,3630.0,2351.0,2422.0
2013-07-29,,,,,,,,,,,
2013-08-01,1734.0,1066.0,3230.0,1385.0,977.0,1188.0,1035.0,1975.0,3545.0,2112.0,2389.0
2013-09-01,1936.0,1182.0,3575.0,1511.0,984.0,1254.0,1084.0,2185.0,3735.0,2352.0,2710.0
2013-09-26,,,,,,,,,,,
2013-10-01,1916.0,1144.0,3355.0,1362.0,982.0,1272.0,1098.0,2200.0,3915.0,2461.0,2671.0
2013-11-01,2120.0,1210.0,3750.0,1446.0,936.0,1276.0,1110.0,2355.0,4330.0,2630.0,2892.0
2013-12-01,2066.0,1198.0,3980.0,1494.0,884.0,1284.0,1129.0,2720.0,4330.0,2828.0,3015.0
2013-12-26,,,,,,,,,,,
2014-01-01,1848.0,1170.0,3734.0,1435.0,885.0,1184.4000244140625,1116.0,2505.0,3893.0,2692.0,2847.0
2014-02-01,1980.0,1478.0,3667.0,1369.0,911.0,1167.800048828125,1126.0,2445.0,3647.0,2731.0,2753.0
2014-03-01,1940.0,1462.0,3660.0,1314.0,920.0,1165.199951171875,1080.0,2290.0,3634.0,2694.0,2792.0
2014-03-27,,,,,,,,,,,
2014-04-01,1826.0,1522.0,3660.0,1419.0,877.0,1103.199951171875,1106.0,2285.0,3380.0,2635.0,2685.0
2014-05-01,1800.0,1780.0,3676.0,1509.0,919.0,1152.199951171875,1036.0,2200.0,3563.0,3025.0,2695.0
2014-06-01,1752.0,1723.0,3545.0,1462.0,961.0,1216.800048828125,1118.0,2375.0,3537.0,3173.0,2805.0
2014-06-26,,,,,,,,,,,
2014-07-01,1800.0,1890.0,3742.0,1506.0,1022.0,1227.4000244140625,1185.0,2501.0,3654.0,3464.0,2966.0
2014-07-29,,,,,,,,,,,
2014-08-01,1848.0,1699.0,3569.0,1486.0,999.0,1185.5999755859375,1183.0,2454.0,3513.0,3381.0,2955.5
2014-09-01,1898.0,1875.0,3622.0,1559.0,1069.0,1292.5999755859375,1331.0,2749.0,3800.0,3635.5,3626.0
2014-09-26,,,,,,,,,,,
2014-10-01,1976.0,1797.0,3651.5,1514.0,997.9000244140625,1299.5999755859375,1133.0,2546.0,3479.0,3653.5,3599.0
2014-11-01,2184.0,2430.0,4079.5,1808.0,1108.5,1462.800048828125,1220.0,3065.5,3571.5,3749.5,4318.0
2014-12-01,2210.0,2386.0,4199.0,1800.0,1057.0,1511.5999755859375,1110.0,2927.5,3526.0,3640.0,4300.0
2014-12-26,,,,,,,,,,,
2015-01-01,2232.0,2679.0,4738.0,1844.0,1016.5,1529.0,1004.0,2447.5,3581.0,3756.0,4296.5
2015-02-01,2432.0,2700.0,4584.0,2068.0,1264.0,1612.5999755859375,1059.0,2556.0,3949.5,3780.0,4061.0
2015-03-01,2480.0,2167.0,4816.0,2218.0,1224.0,1676.5999755859375,1085.0,2439.0,3903.0,3612.5,3991.0
2015-03-27,,,,,,,,,,,
2015-04-01,2578.0,2293.0,5021.0,2221.0,1251.0,1671.5999755859375,1107.0,2353.5,4041.5,3882.5,4024.5
2015-05-01,2806.0,2768.0,5176.0,2191.0,1300.5,1720.800048828125,1157.0,2675.0,4261.0,4334.5,4698.0
2015-06-01,2458.0,2588.0,4527.5,1897.0,1275.0,1640.5999755859375,1042.0,2398.0,3961.5,4135.0,4508.0
2015-06-26,,,,,,,,,,,
2015-07-01,2454.0,2723.0,4678.0,1870.0,1198.5,1650.5999755859375,1055.0,2435.5,3979.5,4320.5,4585.0
2015-08-01,2382.0,2714.0,4067.5,1718.0,1097.0,1438.4000244140625,931.0,2090.5,3824.0,4129.5,4270.5
2015-09-01,2101.0,2578.0,4126.0,1656.0,1094.0,1394.199951171875,912.0,1880.0,3539.0,3662.0,4283.0
2015-09-28,,,,,,,,,,,
2015-10-01,2340.0,2567.0,4476.0,1812.0,1266.5,1493.800048828125,1080.0,2404.5,4044.0,3990.0,4728.0
2015-11-01,2117.0,2662.0,4380.0,1662.0,1314.5,1531.4000244140625,1096.0,2557.5,4002.0,3785.0,5088.0
2015-12-01,1871.0,2404.0,4174.0,1581.0,1279.5,1497.5999755859375,1030.0,2524.0,3910.0,3703.0,5027.0
2015-12-28,,,,,,,,,,,
2016-01-01,1782.0,2545.0,4336.0,1513.0,1180.0,1440.0,962.0,2148.5,3341.0,3656.0,4856.0
2016-02-01,1801.0,1713.0,3953.0,1614.0,1024.5,1179.4000244140625,804.0,1573.0,2887.0,2825.5,3696.0
2016-03-01,1851.0,1680.0,4205.0,1739.0,1041.5,1190.4000244140625,843.0,1746.5,3086.0,3011.0,3975.0
2016-03-29,,,,,,,,,,,
2016-04-01,1880.0,1681.0,4116.0,1700.0,1000.0,1130.800048828125,449.0,1744.5,2992.5,3075.0,3716.0
2016-05-01,1703.0,1351.0,3826.0,1630.0,1125.0,1156.5999755859375,579.0,1911.0,3151.0,2849.0,4150.0
2016-06-01,1272.0,1108.0,3269.0,1363.0,917.9000244140625,1010.4000244140625,469.0,1359.0,2572.5,2753.5,3478.0
2016-06-28,,,,,,,,,,,
2016-07-01,1396.0,1047.0,3601.0,1464.0,1012.0,1178.800048828125,482.0,1547.5,2841.5,3188.0,4015.0
2016-08-01,1681.0,1455.0,3555.0,1534.0,1015.0,1247.5999755859375,473.0,1705.5,3170.0,3429.0,4098.0
2016-09-01,1604.0,1410.0,3706.0,1518.0,982.7000122070312,1155.800048828125,469.0,1531.5,2887.5,3360.0,3755.0
2016-09-28,,,,,,,,,,,
2016-10-01,1824.0,1619.0,3915.0,1758.0,1068.5,1215.800048828125,585.0,1727.5,3144.0,3730.0,4094.0
2016-11-01,2067.0,1397.0,4367.0,1889.0,1056.5,1329.800048828125,529.0,1834.0,3332.0,3680.0,4645.0
2016-12-01,2096.0,1455.0,4214.0,1856.0,1175.5,1375.5999755859375,666.0,1912.0,3415.0,4114.0,4772.0
2016-12-28,,,,,,,,,,,
2017-01-01,1989.0,1372.0,4143.0,1765.0,1119.0,1316.800048828125,613.0,1668.0,3387.0,4369.0,4540.0
2017-02-01,2234.0,1821.0,4481.0,1854.0,1106.0,1273.0,727.0,1576.0,3489.0,4394.0,4207.0
2017-03-01,2179.0,2000.0,4503.0,1897.0,1073.5,1208.4000244140625,669.0,1603.0,3351.0,4622.0,4083.0
2017-03-29,,,,,,,,,,,
2017-04-01,2185.0,1956.0,4648.0,2004.0,1058.5,1207.0,713.0,1634.0,3232.0,4652.0,4212.0
2017-05-01,2160.0,2132.0,4652.0,1888.0,1061.5,1186.4000244140625,718.0,1510.0,3117.0,5215.0,3745.0
2017-06-01,2255.0,2289.0,4840.0,1896.0,1118.0,1178.5999755859375,740.0,1568.0,3064.0,5330.0,3786.0
2017-06-28,,,,,,,,,,,
2017-07-01,2228.0,2272.0,4657.0,1916.0,1096.0,1246.800048828125,798.0,1664.5,3108.0,5230.0,3994.0
2017-08-01,2035.0,2120.0,4719.0,1823.0,1093.0,1236.5999755859375,812.0,1619.0,3081.0,5526.0,3856.0
2017-09-01,2320.0,2529.0,5106.0,2062.0,1114.5,1342.0,890.0,1725.0,3332.0,5902.0,4060.0
2017-09-27,,,,,,,,,,,
2017-10-01,2530.0,2554.0,5390.0,2144.0,1098.5,1398.0,901.0,1622.0,3523.0,6175.0,3888.0
2017-11-01,2516.0,2290.0,5095.0,2040.0,1088.0,1408.800048828125,785.0,1503.0,3744.0,6040.0,3669.0
2017-12-01,2763.0,2328.0,5238.0,2096.0,1123.5,1442.5999755859375,814.0,1511.5,3862.0,6534.0,3583.0
2017-12-27,,,,,,,,,,,
2018-01-01,2772.0,2318.0,5306.0,2117.0,1163.5,1496.0,809.0,1529.5,3826.0,6228.0,3618.0
2018-02-01,2651.0,2003.0,4782.0,2058.0,1125.0,1447.0,849.0,1496.5,3885.0,6146.0,3780.0
2018-03-01,2463.0,1832.0,4624.0,1952.0,1104.0,1365.0,761.0,1406.5,3660.0,5730.0,3487.0
2018-03-28,,,,,,,,,,,
2018-03-29,,,,,,,,,,,
2018-04-01,2585.0,1870.0,4589.0,1957.0,1151.5,1436.199951171875,816.0,1521.5,3767.0,5891.0,3679.0
2018-05-01,2370.0,1688.0,4365.0,1825.0,1080.5,1384.199951171875,824.0,1370.0,3447.0,6262.0,3330.0
2018-06-01,2303.0,1621.0,4333.0,1760.0,1078.0,1434.0,883.0,1360.0,3253.0,6118.0,3225.0
2018-06-27,,,,,,,,,,,
2018-07-01,2384.0,1759.0,4394.0,1846.0,1055.5,1461.0,850.0,1390.0,3355.0,6551.0,3254.0
2018-08-01,2335.0,1823.0,4093.0,1648.0,1040.0,1386.0,792.0,1288.5,3292.0,7230.0,3301.0
2018-09-01,2449.0,2047.0,4293.0,1705.0,1063.5,1419.0,802.0,1364.0,3439.0,6508.0,3480.0
2018-09-26,,,,,,,,,,,
2018-10-01,2192.0,1890.0,4363.0,1625.0,1027.5,1323.0,711.0,1224.0,3241.0,5650.0,3053.0
2018-11-01,2376.0,1793.0,4600.0,1517.0,994.2999877929688,1360.5999755859375,696.0,1210.0,3202.0,5655.0,2523.0
2018-12-01,2065.0,1375.0,4236.0,1300.0,880.2999877929688,1281.199951171875,602.0,1135.0,2894.5,5567.0,2360.0
2018-12-26,,,,,,,,,,,
2019-01-01,2304.0,1528.0,4188.0,1509.0,926.7999877929688,1335.0,673.0,1199.0,3249.0,5674.0,2552.0
2019-02-01,2271.0,1417.0,4393.0,1431.0,962.4000244140625,1339.4000244140625,625.0,1307.5,3153.0,5701.0,2826.5
2019-03-01,2056.0,1255.0,4266.0,1328.0,908.2000122070312,1297.4000244140625,588.0,1238.5,2995.0,4898.0,2522.5
2019-03-27,,,,,,,,,,,
2019-04-01,2093.0,1299.0,4406.0,1367.0,893.2999877929688,1381.0,623.0,1315.5,3101.0,5065.0,2720.5
2019-05-01,1814.0,1355.0,4059.0,1204.0,734.5999755859375,1276.800048828125,512.0,1061.5,2651.0,5158.0,2522.0
2019-06-01,1980.0,1417.0,4242.0,1246.0,771.5999755859375,1337.5999755859375,516.0,1124.5,2785.0,5064.0,2619.0
2019-06-26,,,,,,,,,,,
2019-07-01,2011.0,1431.0,4100.0,1193.0,710.7999877929688,1404.800048828125,482.0,1079.0,2710.5,4269.0,2544.5
2019-08-01,2043.0,1299.0,4053.0,1199.0,656.4000244140625,1392.0,444.0,892.2000122070312,2523.5,4098.0,2846.0
2019-09-01,2161.0,1366.0,4184.0,1282.0,674.0999755859375,1443.199951171875,469.0,959.5,2798.5,4587.0,3040.0
2019-09-27,,,,,,,,,,,
2019-10-01,2437.0,1521.0,4523.0,1443.0,689.4000244140625,1508.4000244140625,498.0,1005.0,2942.0,5137.0,3123.0
2019-11-01,2255.0,1576.0,4375.0,1391.0,678.7999877929688,1527.5999755859375,490.0,970.0,3067.0,4856.0,2866.5
2019-12-01,2131.0,1575.0,4070.0,1337.0,636.0999755859375,1542.800048828125,458.0,938.0,3099.0,4567.0,2713.5
2019-12-27,,,,,,,,,,,
2020-01-01,1889.0,1383.0,3901.0,1215.0,599.5,1530.4000244140625,413.0,934.0,2831.0,5032.0,2760.0
2020-02-01,1757.0,1436.0,3606.0,1123.0,463.6000061035156,1425.4000244140625,359.0,750.0,2799.5,4337.0,2619.5
2020-03-01,1343.0,1240.0,3323.0,1019.0,356.6000061035156,1300.199951171875,306.0,572.0,2430.0,2584.5,2073.5
2020-03-30,,,,,,,,,,,
2020-04-01,1391.0,1287.0,3378.0,1053.0,369.79998779296875,1333.199951171875,305.0,612.0,2610.5,3469.0,2175.0
2020-05-01,1627.0,1529.0,3577.0,1096.0,400.8999938964844,1351.0,304.0,689.0,2784.0,3746.0,2378.5
2020-06-01,1514.0,1441.0,3469.0,1062.0,399.20001220703125,1352.4000244140625,266.0,646.0,2755.5,3657.0,2241.5
2020-06-29,,,,,,,,,,,
2020-07-01,1342.0,1404.0,3094.0,876.0,361.0,1243.4000244140625,206.0,591.0,2524.0,3472.0,1994.5
2020-08-01,1661.0,1767.0,3361.0,1021.0,431.5,1401.199951171875,255.0,680.0,2729.0,4349.0,2202.5
2020-09-01,1491.0,1692.0,3317.0,973.0,371.79998779296875,1386.4000244140625,231.0,611.0,2473.5,4483.0,2032.0
2020-09-29,,,,,,,,,,,
2020-10-01,1491.0,1542.0,3390.0,913.0,366.0,1360.5999755859375,190.0,546.0,2435.0,4457.0,1905.5
2020-11-01,1523.0,1647.0,3644.0,923.0,492.5,1399.800048828125,188.0,617.0,2871.5,5604.0,2073.0
2020-12-01,1534.0,1568.0,3384.0,887.0,560.0,1591.4000244140625,217.0,692.0,2877.5,4782.0,2062.5
2020-12-29,,,,,,,,,,,
2020-12-30,,,,,,,,,,,
2021-01-01,1642.0,1589.0,3868.0,960.0,532.0999755859375,1460.0,237.0,744.0,2764.5,4708.0,2006.0
2021-02-01,1840.0,1857.0,4161.0,1185.0,574.7000122070312,1574.5999755859375,302.0,839.0,2911.5,4599.0,1988.5
2021-03-01,1980.0,1958.0,4475.0,1305.0,615.9000244140625,1723.199951171875,315.0,902.0,3319.0,5025.0,2204.0
2021-03-30,,,,,,,,,,,
2021-04-01,2031.0,2002.0,4377.0,1352.0,547.7000122070312,1625.4000244140625,296.0,846.0,3232.0,4147.0,2027.5
2021-05-01,2206.0,2199.0,4806.0,1416.0,539.0999755859375,1823.0,304.0,935.0,3353.0,4743.0,2130.5
2021-06-01,2379.0,2348.0,5055.0,1533.0,551.2999877929688,1942.0,312.0,1044.0,3550.0,4701.0,2191.5
2021-06-29,,,,,,,,,,,
2021-07-01,2173.0,2056.0,4800.0,1467.0,630.9000244140625,1961.0,306.0,1072.0,3493.0,4430.0,2141.0
2021-08-01,1877.0,1956.0,5064.0,1319.0,578.5,1918.4000244140625,281.0,955.0,3342.0,4756.0,2036.5
2021-09-01,2015.0,2005.0,5306.0,1424.0,562.0999755859375,2000.0,307.0,976.0,3455.0,4995.0,2078.5
2021-09-29,,,,,,,,,,,
2021-10-01,1922.0,1888.0,5019.0,1401.0,577.4000244140625,2006.5,363.0,1019.0,3349.0,5075.0,2228.0
2021-11-01,1766.0,1726.0,4605.0,1139.0,562.9000244140625,2001.0,366.0,918.0,3101.0,4585.0,2142.5
2021-12-01,1843.0,1794.0,4949.0,1172.0,555.7999877929688,2105.5,321.0,885.0,3230.0,4429.0,2057.0
2021-12-29,,,,,,,,,,,
2022-01-01,1706.0,1634.0,5063.0,1197.0,605.4000244140625,2236.5,310.0,892.0,3399.0,4609.0,2069.0
2022-01-26,1688.0,1614.0,5008.0,1179.0,605.5,2221.5,311.0,889.0,3340.0,4875.0,2065.0
